<?xml version="1.0" encoding="UTF-8"?>
<project-private xmlns="http://www.netbeans.org/ns/project-private/1">
    <editor-bookmarks xmlns="http://www.netbeans.org/ns/editor-bookmarks/2" lastBookmarkId="0"/>
    <open-files xmlns="http://www.netbeans.org/ns/projectui-open-files/2">
        <group>
            <file>file:/D:/Mis%20Documentos/gestorconectividad/gestorconectividad/gestorconectividad2.4/src/java/controlador/ServletActulizarEvento.java</file>
            <file>file:/D:/Mis%20Documentos/gestorconectividad/gestorconectividad/gestorconectividad2.4/web/EventosCalendario.jsp</file>
        </group>
    </open-files>
</project-private>
